<?xml version="1.0" ?>
<companies>
    <company>
        <name>Coruscant Technologies Corp</name>
        <address>
            <street>Senate District 2187</street>
            <galacticZipcode>COR-001</galacticZipcode>
            <city>Upper Level</city>
            <planet>Coruscant</planet>
        </address>
        <invoices>
            <invoice>
                <number>GAL-32266</number>
                <Credits>~33025.36</Credits>
            </invoice>
            <invoice>
                <number>GAL-10676</number>
                <Credits>~13671.27</Credits>
            </invoice>
            <invoice>
                <number>GAL-23335</number>
                <Credits>~4476.66</Credits>
            </invoice>
            <invoice>
                <number>GAL-94178</number>
                <Credits>~19640.28</Credits>
            </invoice>
            <invoice>
                <number>GAL-24529</number>
                <Credits>~30874.27</Credits>
            </invoice>
        </invoices>
    </company>
    <company>
        <name>Naboo Energy Systems</name>
        <address>
            <street>Royal Plaza 66</street>
            <galacticZipcode>NAB-332</galacticZipcode>
            <city>Theed</city>
            <planet>Naboo</planet>
        </address>
        <invoices>
            <invoice>
                <number>GAL-18935</number>
                <Credits>~6186.71</Credits>
            </invoice>
            <invoice>
                <number>GAL-51100</number>
                <Credits>~30053.3</Credits>
            </invoice>
            <invoice>
                <number>GAL-77299</number>
                <Credits>~29947.76</Credits>
            </invoice>
        </invoices>
    </company>
    <company>
        <name>Tatooine Mining Corporation</name>
        <address>
            <street>Moisture Farm Road 14</street>
            <galacticZipcode>TAT-778</galacticZipcode>
            <city>Mos Eisley</city>
            <planet>Tatooine</planet>
        </address>
        <invoices>
            <invoice>
                <number>GAL-95496</number>
                <Credits>~15141.14</Credits>
            </invoice>
            <invoice>
                <number>GAL-73789</number>
                <Credits>~23196.69</Credits>
            </invoice>
            <invoice>
                <number>GAL-97288</number>
                <Credits>~31177.24</Credits>
            </invoice>
        </invoices>
    </company>
    <company>
        <name>Bespin Gas Extraction Ltd</name>
        <address>
            <street>Cloud City Circuit 9</street>
            <galacticZipcode>BSP-447</galacticZipcode>
            <city>Cloud City</city>
            <planet>Bespin</planet>
        </address>
        <invoices>
            <invoice>
                <number>GAL-49658</number>
                <Credits>~32881.39</Credits>
            </invoice>
            <invoice>
                <number>GAL-25181</number>
                <Credits>~47830.42</Credits>
            </invoice>
            <invoice>
                <number>GAL-81289</number>
                <Credits>~48453.39</Credits>
            </invoice>
            <invoice>
                <number>GAL-36467</number>
                <Credits>~16875.28</Credits>
            </invoice>
            <invoice>
                <number>GAL-97102</number>
                <Credits>~1574.12</Credits>
            </invoice>
            <invoice>
                <number>GAL-27064</number>
                <Credits>~37465.96</Credits>
            </invoice>
            <invoice>
                <number>GAL-90784</number>
                <Credits>~24177.78</Credits>
            </invoice>
        </invoices>
    </company>
    <company>
        <name>Kashyyyk Lumber Industries</name>
        <address>
            <street>Wroshyr Tree Level 5</street>
            <galacticZipcode>KAS-991</galacticZipcode>
            <city>Rwookrrorro</city>
            <planet>Kashyyyk</planet>
        </address>
        <invoices>
            <invoice>
                <number>GAL-18194</number>
                <Credits>~11402.1</Credits>
            </invoice>
            <invoice>
                <number>GAL-98102</number>
                <Credits>~30562.57</Credits>
            </invoice>
            <invoice>
                <number>GAL-11242</number>
                <Credits>~29750.09</Credits>
            </invoice>
            <invoice>
                <number>GAL-62965</number>
                <Credits>~42420.2</Credits>
            </invoice>
        </invoices>
    </company>
    <company>
        <name>Mandalore Steel Works</name>
        <address>
            <street>Sundari Plaza 88</street>
            <galacticZipcode>MAN-443</galacticZipcode>
            <city>Sundari</city>
            <planet>Mandalore</planet>
        </address>
        <invoices>
            <invoice>
                <number>GAL-35187</number>
                <Credits>~27281.47</Credits>
            </invoice>
            <invoice>
                <number>GAL-95597</number>
                <Credits>~18262.65</Credits>
            </invoice>
            <invoice>
                <number>GAL-26133</number>
                <Credits>~37891.13</Credits>
            </invoice>
        </invoices>
    </company>
    <company>
        <name>Hoth Ice Enterprises</name>
        <address>
            <street>Echo Base 33</street>
            <galacticZipcode>HTH-101</galacticZipcode>
            <city>Echo Base</city>
            <planet>Hoth</planet>
        </address>
        <invoices>
            <invoice>
                <number>GAL-36848</number>
                <Credits>~9803.82</Credits>
            </invoice>
            <invoice>
                <number>GAL-15511</number>
                <Credits>~20169.88</Credits>
            </invoice>
            <invoice>
                <number>GAL-97235</number>
                <Credits>~15066.06</Credits>
            </invoice>
            <invoice>
                <number>GAL-55674</number>
                <Credits>~5691.71</Credits>
            </invoice>
        </invoices>
    </company>
    <company>
        <name>Kamino Biotech Solutions</name>
        <address>
            <street>Cloning Facility 7</street>
            <galacticZipcode>KAM-552</galacticZipcode>
            <city>Tipoca City</city>
            <planet>Kamino</planet>
        </address>
        <invoices>
            <invoice>
                <number>GAL-61007</number>
                <Credits>~9692.87</Credits>
            </invoice>
            <invoice>
                <number>GAL-87470</number>
                <Credits>~45295.16</Credits>
            </invoice>
            <invoice>
                <number>GAL-46143</number>
                <Credits>~13555.59</Credits>
            </invoice>
            <invoice>
                <number>GAL-76287</number>
                <Credits>~22767.46</Credits>
            </invoice>
            <invoice>
                <number>GAL-14402</number>
                <Credits>~19278.91</Credits>
            </invoice>
            <invoice>
                <number>GAL-93198</number>
                <Credits>~44344.57</Credits>
            </invoice>
        </invoices>
    </company>
    <company>
        <name>Mustafar Mineral Processing</name>
        <address>
            <street>Lava Ridge 451</street>
            <galacticZipcode>MST-666</galacticZipcode>
            <city>Fralideja</city>
            <planet>Mustafar</planet>
        </address>
        <invoices>
            <invoice>
                <number>GAL-47193</number>
                <Credits>~29411.86</Credits>
            </invoice>
            <invoice>
                <number>GAL-44842</number>
                <Credits>~18381.08</Credits>
            </invoice>
            <invoice>
                <number>GAL-67163</number>
                <Credits>~11068.61</Credits>
            </invoice>
            <invoice>
                <number>GAL-26072</number>
                <Credits>~41546.99</Credits>
            </invoice>
            <invoice>
                <number>GAL-32748</number>
                <Credits>~33723.21</Credits>
            </invoice>
            <invoice>
                <number>GAL-29000</number>
                <Credits>~49577.32</Credits>
            </invoice>
            <invoice>
                <number>GAL-91669</number>
                <Credits>~43313.34</Credits>
            </invoice>
        </invoices>
    </company>
    <company>
        <name>Endor Forest Products</name>
        <address>
            <street>Bright Tree Village 23</street>
            <galacticZipcode>END-889</galacticZipcode>
            <city>Bright Tree</city>
            <planet>Endor</planet>
        </address>
        <invoices>
            <invoice>
                <number>GAL-13811</number>
                <Credits>~12108.68</Credits>
            </invoice>
            <invoice>
                <number>GAL-67399</number>
                <Credits>~18775.11</Credits>
            </invoice>
            <invoice>
                <number>GAL-79867</number>
                <Credits>~41426.21</Credits>
            </invoice>
            <invoice>
                <number>GAL-24161</number>
                <Credits>~42970.76</Credits>
            </invoice>
            <invoice>
                <number>GAL-34883</number>
                <Credits>~15499.2</Credits>
            </invoice>
            <invoice>
                <number>GAL-79230</number>
                <Credits>~44284.66</Credits>
            </invoice>
        </invoices>
    </company>
    <company>
        <name>Corellia Shipyards Inc</name>
        <address>
            <street>Coronet Drive 1138</street>
            <galacticZipcode>CRL-277</galacticZipcode>
            <city>Coronet City</city>
            <planet>Corellia</planet>
        </address>
        <invoices>
            <invoice>
                <number>GAL-38877</number>
                <Credits>~47349.1</Credits>
            </invoice>
            <invoice>
                <number>GAL-15248</number>
                <Credits>~3329.27</Credits>
            </invoice>
            <invoice>
                <number>GAL-14503</number>
                <Credits>~30724.95</Credits>
            </invoice>
            <invoice>
                <number>GAL-65948</number>
                <Credits>~36311.71</Credits>
            </invoice>
        </invoices>
    </company>
    <company>
        <name>Alderaan Peace Technologies</name>
        <address>
            <street>Royal Way 555</street>
            <galacticZipcode>ALD-123</galacticZipcode>
            <city>Aldera</city>
            <planet>Alderaan</planet>
        </address>
        <invoices>
            <invoice>
                <number>GAL-70589</number>
                <Credits>~44231.87</Credits>
            </invoice>
            <invoice>
                <number>GAL-74781</number>
                <Credits>~42043.89</Credits>
            </invoice>
            <invoice>
                <number>GAL-76235</number>
                <Credits>~5527.44</Credits>
            </invoice>
            <invoice>
                <number>GAL-33364</number>
                <Credits>~7384.59</Credits>
            </invoice>
            <invoice>
                <number>GAL-69495</number>
                <Credits>~40405.15</Credits>
            </invoice>
            <invoice>
                <number>GAL-63998</number>
                <Credits>~49004.91</Credits>
            </invoice>
        </invoices>
    </company>
    <company>
        <name>Dagobah Botanical Research</name>
        <address>
            <street>Swamp Section X7</street>
            <galacticZipcode>DAG-021</galacticZipcode>
            <city>Research Base</city>
            <planet>Dagobah</planet>
        </address>
        <invoices>
            <invoice>
                <number>GAL-78006</number>
                <Credits>~13536.74</Credits>
            </invoice>
            <invoice>
                <number>GAL-45596</number>
                <Credits>~29329.91</Credits>
            </invoice>
            <invoice>
                <number>GAL-35081</number>
                <Credits>~15508.52</Credits>
            </invoice>
            <invoice>
                <number>GAL-24678</number>
                <Credits>~2502.73</Credits>
            </invoice>
            <invoice>
                <number>GAL-51799</number>
                <Credits>~1932.78</Credits>
            </invoice>
            <invoice>
                <number>GAL-94909</number>
                <Credits>~45421.73</Credits>
            </invoice>
        </invoices>
    </company>
    <company>
        <name>Geonosis Droid Factory</name>
        <address>
            <street>Hive Complex 99</street>
            <galacticZipcode>GEO-333</galacticZipcode>
            <city>Stalgasin</city>
            <planet>Geonosis</planet>
        </address>
        <invoices>
            <invoice>
                <number>GAL-30582</number>
                <Credits>~27280.72</Credits>
            </invoice>
            <invoice>
                <number>GAL-36470</number>
                <Credits>~39631.27</Credits>
            </invoice>
            <invoice>
                <number>GAL-65372</number>
                <Credits>~35726.23</Credits>
            </invoice>
            <invoice>
                <number>GAL-56764</number>
                <Credits>~35236.78</Credits>
            </invoice>
        </invoices>
    </company>
    <company>
        <name>Yavin IV Defense Systems</name>
        <address>
            <street>Temple Base 44</street>
            <galacticZipcode>YAV-445</galacticZipcode>
            <city>Great Temple</city>
            <planet>Yavin IV</planet>
        </address>
        <invoices>
            <invoice>
                <number>GAL-68512</number>
                <Credits>~31433.79</Credits>
            </invoice>
            <invoice>
                <number>GAL-52703</number>
                <Credits>~7267.77</Credits>
            </invoice>
            <invoice>
                <number>GAL-65742</number>
                <Credits>~25178.87</Credits>
            </invoice>
            <invoice>
                <number>GAL-36773</number>
                <Credits>~8545.58</Credits>
            </invoice>
            <invoice>
                <number>GAL-28984</number>
                <Credits>~36175.28</Credits>
            </invoice>
            <invoice>
                <number>GAL-84722</number>
                <Credits>~45682.51</Credits>
            </invoice>
        </invoices>
    </company>
    <company>
        <name>Utapau Wind Energy Ltd</name>
        <address>
            <street>Pau City Level 10</street>
            <galacticZipcode>UTA-677</galacticZipcode>
            <city>Pau City</city>
            <planet>Utapau</planet>
        </address>
        <invoices>
            <invoice>
                <number>GAL-75045</number>
                <Credits>~22036.67</Credits>
            </invoice>
            <invoice>
                <number>GAL-10089</number>
                <Credits>~36013.58</Credits>
            </invoice>
            <invoice>
                <number>GAL-12175</number>
                <Credits>~10637.87</Credits>
            </invoice>
        </invoices>
    </company>
    <company>
        <name>Mon Cala Aquatic Industries</name>
        <address>
            <street>Coral City 81</street>
            <galacticZipcode>MON-115</galacticZipcode>
            <city>Dac City</city>
            <planet>Mon Cala</planet>
        </address>
        <invoices>
            <invoice>
                <number>GAL-71373</number>
                <Credits>~25417.54</Credits>
            </invoice>
            <invoice>
                <number>GAL-11269</number>
                <Credits>~47763.95</Credits>
            </invoice>
            <invoice>
                <number>GAL-81798</number>
                <Credits>~42990.77</Credits>
            </invoice>
            <invoice>
                <number>GAL-94541</number>
                <Credits>~12270.16</Credits>
            </invoice>
            <invoice>
                <number>GAL-96947</number>
                <Credits>~6647.65</Credits>
            </invoice>
            <invoice>
                <number>GAL-82190</number>
                <Credits>~30942.63</Credits>
            </invoice>
            <invoice>
                <number>GAL-61222</number>
                <Credits>~48303.57</Credits>
            </invoice>
        </invoices>
    </company>
    <company>
        <name>Felucia Pharmaceutical Corp</name>
        <address>
            <street>Fungus Fields 67</street>
            <galacticZipcode>FEL-442</galacticZipcode>
            <city>Kway Teow</city>
            <planet>Felucia</planet>
        </address>
        <invoices>
            <invoice>
                <number>GAL-49222</number>
                <Credits>~48862.35</Credits>
            </invoice>
            <invoice>
                <number>GAL-16700</number>
                <Credits>~17675.34</Credits>
            </invoice>
            <invoice>
                <number>GAL-34808</number>
                <Credits>~1051.29</Credits>
            </invoice>
            <invoice>
                <number>GAL-97985</number>
                <Credits>~24153.47</Credits>
            </invoice>
            <invoice>
                <number>GAL-50764</number>
                <Credits>~34515.44</Credits>
            </invoice>
        </invoices>
    </company>
    <company>
        <name>Ryloth Spice Traders</name>
        <address>
            <street>Lessu Market 29</street>
            <galacticZipcode>RYL-884</galacticZipcode>
            <city>Lessu</city>
            <planet>Ryloth</planet>
        </address>
        <invoices>
            <invoice>
                <number>GAL-92750</number>
                <Credits>~14144.46</Credits>
            </invoice>
            <invoice>
                <number>GAL-92754</number>
                <Credits>~17000.04</Credits>
            </invoice>
            <invoice>
                <number>GAL-36271</number>
                <Credits>~28216.73</Credits>
            </invoice>
            <invoice>
                <number>GAL-65754</number>
                <Credits>~25575.17</Credits>
            </invoice>
        </invoices>
    </company>
    <company>
        <name>Christophsis Crystal Mining</name>
        <address>
            <street>Crystal Avenue 12</street>
            <galacticZipcode>CHR-337</galacticZipcode>
            <city>Crystal City</city>
            <planet>Christophsis</planet>
        </address>
        <invoices>
            <invoice>
                <number>GAL-20292</number>
                <Credits>~8888.09</Credits>
            </invoice>
            <invoice>
                <number>GAL-50404</number>
                <Credits>~29953.66</Credits>
            </invoice>
            <invoice>
                <number>GAL-61005</number>
                <Credits>~43745.59</Credits>
            </invoice>
            <invoice>
                <number>GAL-54473</number>
                <Credits>~1453.54</Credits>
            </invoice>
        </invoices>
    </company>
    <company>
        <name>Dantooine Agricultural Co</name>
        <address>
            <street>Plains Sector 5</street>
            <galacticZipcode>DAN-229</galacticZipcode>
            <city>Farming Colony</city>
            <planet>Dantooine</planet>
        </address>
        <invoices>
            <invoice>
                <number>GAL-37185</number>
                <Credits>~21200.65</Credits>
            </invoice>
            <invoice>
                <number>GAL-67389</number>
                <Credits>~27049.72</Credits>
            </invoice>
            <invoice>
                <number>GAL-20502</number>
                <Credits>~2019.74</Credits>
            </invoice>
            <invoice>
                <number>GAL-92726</number>
                <Credits>~22223.98</Credits>
            </invoice>
        </invoices>
    </company>
    <company>
        <name>Lothal Imperial Industries</name>
        <address>
            <street>Capital City Plaza 18</street>
            <galacticZipcode>LOT-454</galacticZipcode>
            <city>Capital City</city>
            <planet>Lothal</planet>
        </address>
        <invoices>
            <invoice>
                <number>GAL-14960</number>
                <Credits>~6931.37</Credits>
            </invoice>
            <invoice>
                <number>GAL-57776</number>
                <Credits>~47280.64</Credits>
            </invoice>
            <invoice>
                <number>GAL-27307</number>
                <Credits>~5870.6</Credits>
            </invoice>
            <invoice>
                <number>GAL-79044</number>
                <Credits>~49591.89</Credits>
            </invoice>
            <invoice>
                <number>GAL-97596</number>
                <Credits>~3714.39</Credits>
            </invoice>
            <invoice>
                <number>GAL-85383</number>
                <Credits>~11167.41</Credits>
            </invoice>
            <invoice>
                <number>GAL-40658</number>
                <Credits>~36817.11</Credits>
            </invoice>
        </invoices>
    </company>
    <company>
        <name>Onderon Royal Enterprises</name>
        <address>
            <street>Iziz Palace Road 3</street>
            <galacticZipcode>OND-772</galacticZipcode>
            <city>Iziz</city>
            <planet>Onderon</planet>
        </address>
        <invoices>
            <invoice>
                <number>GAL-20357</number>
                <Credits>~16471.59</Credits>
            </invoice>
            <invoice>
                <number>GAL-11362</number>
                <Credits>~44978.92</Credits>
            </invoice>
            <invoice>
                <number>GAL-67077</number>
                <Credits>~12931.0</Credits>
            </invoice>
            <invoice>
                <number>GAL-86414</number>
                <Credits>~10465.46</Credits>
            </invoice>
        </invoices>
    </company>
    <company>
        <name>Ilum Crystal Technologies</name>
        <address>
            <street>Crystal Cave Path 1</street>
            <galacticZipcode>ILM-001</galacticZipcode>
            <city>Crystal Caves</city>
            <planet>Ilum</planet>
        </address>
        <invoices>
            <invoice>
                <number>GAL-97746</number>
                <Credits>~23427.99</Credits>
            </invoice>
            <invoice>
                <number>GAL-15758</number>
                <Credits>~48313.66</Credits>
            </invoice>
            <invoice>
                <number>GAL-48289</number>
                <Credits>~2977.78</Credits>
            </invoice>
        </invoices>
    </company>
    <company>
        <name>Kessel Spice Manufacturing</name>
        <address>
            <street>Spice Route 101</street>
            <galacticZipcode>KSL-001</galacticZipcode>
            <city>Kessel Port</city>
            <planet>Kessel</planet>
        </address>
        <invoices>
            <invoice>
                <number>GAL-66299</number>
                <Credits>~10984.49</Credits>
            </invoice>
            <invoice>
                <number>GAL-36800</number>
                <Credits>~45931.98</Credits>
            </invoice>
            <invoice>
                <number>GAL-97786</number>
                <Credits>~5227.81</Credits>
            </invoice>
            <invoice>
                <number>GAL-77525</number>
                <Credits>~32314.15</Credits>
            </invoice>
            <invoice>
                <number>GAL-70334</number>
                <Credits>~49063.86</Credits>
            </invoice>
        </invoices>
    </company>
    <company>
        <name>Sullust Heavy Industries</name>
        <address>
            <street>Manufacturing Avenue 200</street>
            <galacticZipcode>SUL-123</galacticZipcode>
            <city>Sullust</city>
            <planet>Sullust</planet>
        </address>
        <invoices>
            <invoice>
                <number>GAL-23370</number>
                <Credits>~9285.81</Credits>
            </invoice>
            <invoice>
                <number>GAL-54534</number>
                <Credits>~37988.37</Credits>
            </invoice>
            <invoice>
                <number>GAL-97045</number>
                <Credits>~34179.47</Credits>
            </invoice>
        </invoices>
    </company>
    <company>
        <name>Cerea Communications</name>
        <address>
            <street>Signal Street 50</street>
            <galacticZipcode>CER-456</galacticZipcode>
            <city>Cerea City</city>
            <planet>Cerea</planet>
        </address>
        <invoices>
            <invoice>
                <number>GAL-71211</number>
                <Credits>~39371.49</Credits>
            </invoice>
            <invoice>
                <number>GAL-97241</number>
                <Credits>~40293.13</Credits>
            </invoice>
            <invoice>
                <number>GAL-83685</number>
                <Credits>~13848.65</Credits>
            </invoice>
            <invoice>
                <number>GAL-38457</number>
                <Credits>~41095.88</Credits>
            </invoice>
            <invoice>
                <number>GAL-46688</number>
                <Credits>~22885.47</Credits>
            </invoice>
            <invoice>
                <number>GAL-44774</number>
                <Credits>~10796.79</Credits>
            </invoice>
            <invoice>
                <number>GAL-92274</number>
                <Credits>~12343.43</Credits>
            </invoice>
        </invoices>
    </company>
    <company>
        <name>Mygeeto Ice Processing Ltd</name>
        <address>
            <street>Frost Road 12</street>
            <galacticZipcode>MYG-789</galacticZipcode>
            <city>Mygeeto</city>
            <planet>Mygeeto</planet>
        </address>
        <invoices>
            <invoice>
                <number>GAL-12954</number>
                <Credits>~24757.57</Credits>
            </invoice>
            <invoice>
                <number>GAL-38112</number>
                <Credits>~9660.68</Credits>
            </invoice>
            <invoice>
                <number>GAL-74902</number>
                <Credits>~18101.9</Credits>
            </invoice>
            <invoice>
                <number>GAL-52024</number>
                <Credits>~24340.6</Credits>
            </invoice>
        </invoices>
    </company>
    <company>
        <name>Cidaris Energy Systems</name>
        <address>
            <street>Solar Way 30</street>
            <galacticZipcode>CID-234</galacticZipcode>
            <city>Cidaris</city>
            <planet>Cidaris</planet>
        </address>
        <invoices>
            <invoice>
                <number>GAL-30674</number>
                <Credits>~4361.03</Credits>
            </invoice>
            <invoice>
                <number>GAL-93664</number>
                <Credits>~41477.99</Credits>
            </invoice>
            <invoice>
                <number>GAL-89518</number>
                <Credits>~22478.26</Credits>
            </invoice>
            <invoice>
                <number>GAL-80452</number>
                <Credits>~38145.39</Credits>
            </invoice>
            <invoice>
                <number>GAL-54406</number>
                <Credits>~15174.55</Credits>
            </invoice>
        </invoices>
    </company>
    <company>
        <name>Sorgan Forestry Ltd</name>
        <address>
            <street>Forest Lane 8</street>
            <galacticZipcode>SOR-567</galacticZipcode>
            <city>Sorgan</city>
            <planet>Sorgan</planet>
        </address>
        <invoices>
            <invoice>
                <number>GAL-97361</number>
                <Credits>~24647.01</Credits>
            </invoice>
            <invoice>
                <number>GAL-82170</number>
                <Credits>~25080.68</Credits>
            </invoice>
            <invoice>
                <number>GAL-95123</number>
                <Credits>~12973.17</Credits>
            </invoice>
            <invoice>
                <number>GAL-74477</number>
                <Credits>~10963.99</Credits>
            </invoice>
            <invoice>
                <number>GAL-75980</number>
                <Credits>~25494.03</Credits>
            </invoice>
            <invoice>
                <number>GAL-96067</number>
                <Credits>~7176.87</Credits>
            </invoice>
        </invoices>
    </company>
    <company>
        <name>Saleucami Marine Corp</name>
        <address>
            <street>Oceanic Drive 22</street>
            <galacticZipcode>SAL-890</galacticZipcode>
            <city>Saleucami</city>
            <planet>Saleucami</planet>
        </address>
        <invoices>
            <invoice>
                <number>GAL-39952</number>
                <Credits>~1441.94</Credits>
            </invoice>
            <invoice>
                <number>GAL-72955</number>
                <Credits>~3718.86</Credits>
            </invoice>
            <invoice>
                <number>GAL-68863</number>
                <Credits>~47125.1</Credits>
            </invoice>
            <invoice>
                <number>GAL-81815</number>
                <Credits>~37086.55</Credits>
            </invoice>
        </invoices>
    </company>
    <company>
        <name>Exegol Darkside Technologies</name>
        <address>
            <street>Shadow Boulevard 77</street>
            <galacticZipcode>EXG-333</galacticZipcode>
            <city>Exegol Base</city>
            <planet>Exegol</planet>
        </address>
        <invoices>
            <invoice>
                <number>GAL-48746</number>
                <Credits>~25159.88</Credits>
            </invoice>
            <invoice>
                <number>GAL-68045</number>
                <Credits>~33052.93</Credits>
            </invoice>
            <invoice>
                <number>GAL-92289</number>
                <Credits>~23850.09</Credits>
            </invoice>
        </invoices>
    </company>
    <company>
        <name>Dathomir Herbal Supplies</name>
        <address>
            <street>Witchwood Path 5</street>
            <galacticZipcode>DTH-678</galacticZipcode>
            <city>Dathomir</city>
            <planet>Dathomir</planet>
        </address>
        <invoices>
            <invoice>
                <number>GAL-82640</number>
                <Credits>~40196.68</Credits>
            </invoice>
            <invoice>
                <number>GAL-89907</number>
                <Credits>~41691.15</Credits>
            </invoice>
            <invoice>
                <number>GAL-92593</number>
                <Credits>~17283.95</Credits>
            </invoice>
            <invoice>
                <number>GAL-45154</number>
                <Credits>~35501.43</Credits>
            </invoice>
            <invoice>
                <number>GAL-37826</number>
                <Credits>~38566.46</Credits>
            </invoice>
        </invoices>
    </company>
    <company>
        <name>Cato Neimoidian Trading</name>
        <address>
            <street>Commerce Street 99</street>
            <galacticZipcode>CNE-890</galacticZipcode>
            <city>Cato</city>
            <planet>Neimoidia</planet>
        </address>
        <invoices>
            <invoice>
                <number>GAL-46443</number>
                <Credits>~19165.46</Credits>
            </invoice>
            <invoice>
                <number>GAL-39759</number>
                <Credits>~5082.49</Credits>
            </invoice>
            <invoice>
                <number>GAL-91021</number>
                <Credits>~18448.99</Credits>
            </invoice>
        </invoices>
    </company>
</companies>
